cluster_ID,files,title,description
0,org.apache.tika.Tika; org.apache.tika.config.ServiceLoader; org.apache.tika.config.TikaActivator; org.apache.tika.detect.DefaultEncodingDetector; org.apache.tika.detect.MetaEncodingDetector; org.apache.tika.extractor.EmbeddedDocumentUtil; org.apache.tika.extractor.ParserContainerExtractor; org.apache.tika.mime.MimeTypes; org.apache.tika.mime.ProbabilisticMimeDetectionSelector; org.apache.tika.parser.AbstractExternalProcessParser; org.apache.tika.parser.external.ExternalParserConfig,Content Detection and Parsing,"This cluster encompasses components responsible for content detection, parsing, and encoding detection in Apache Tika. The `Tika` facade integrates `Detector`, `Parser`, and `Translator` functionalities, facilitating MIME type detection and content extraction from diverse file formats. The `ServiceLoader` and `TikaActivator` manage service provider loading and lifecycle management, respectively, ensuring dynamic and static service discovery in both standalone and OSGi environments. `DefaultEncodingDetector` and `MetaEncodingDetector` handle character encoding detection, while `EmbeddedDocumentUtil` and `ParserContainerExtractor` manage embedded document extraction. `MimeTypes` and `ProbabilisticMimeDetectionSelector` provide robust MIME type detection, and `AbstractExternalProcessParser` and `ExternalParserConfig` support external process-based parsing. These components collectively ensure high scalability, security, and maintainability, leveraging Java, OSGi, and Tika-specific utilities."
1,org.apache.tika.config.ConfigDeserializer; org.apache.tika.config.JsonConfig; org.apache.tika.config.SelfConfiguring; org.apache.tika.config.TikaComponent; org.apache.tika.detect.CharsetSupersets; org.apache.tika.detect.TextStatistics; org.apache.tika.detect.TrainedModel; org.apache.tika.exception.CorruptedFileException; org.apache.tika.exception.EncryptedDocumentException; org.apache.tika.exception.TikaException; org.apache.tika.exception.WriteLimitReachedException; org.apache.tika.exception.ZeroByteFileException; org.apache.tika.extractor.EmbeddedDocumentUtil; org.apache.tika.extractor.ParentContentHandler; org.apache.tika.io.BoundedInputStream; org.apache.tika.io.FilenameUtils; org.apache.tika.io.TemporaryResources; org.apache.tika.io.TikaInputStream; org.apache.tika.metadata.ExternalProcess; org.apache.tika.metadata.Property; org.apache.tika.metadata.TikaCoreProperties; org.apache.tika.mime.MediaType; org.apache.tika.mime.MediaTypeRegistry; org.apache.tika.parser.ParsingIntent; org.apache.tika.parser.RegexCaptureParserConfig; org.apache.tika.sax.AbstractRecursiveParserWrapperHandler; org.apache.tika.sax.BodyContentHandler; org.apache.tika.sax.ContentHandlerFactory; org.apache.tika.sax.TaggedContentHandler; org.apache.tika.sax.TeeContentHandler; org.apache.tika.sax.WriteLimiter; org.apache.tika.utils.ExceptionUtils; org.apache.tika.utils.FileProcessResult; org.apache.tika.utils.ProcessUtils; org.apache.tika.utils.RegexUtils; org.apache.tika.utils.ServiceLoaderUtils; org.apache.tika.utils.StringUtils,Configuration and Exception Handling,"This cluster encompasses classes and interfaces that manage configuration, exception handling, and utility functions in the Apache Tika framework. Components like `ConfigDeserializer` and `JsonConfig` handle JSON configuration deserialization and management, ensuring type safety and dynamic loading of dependencies. `SelfConfiguring` and `TikaComponent` provide a standardized structure for initializing and configuring Tika components, promoting modularity and maintainability. Exception classes such as `CorruptedFileException`, `EncryptedDocumentException`, and `WriteLimitReachedException` ensure robust error handling, propagating issues without being silently ignored. Utility classes like `FilenameUtils`, `TemporaryResources`, and `RegexUtils` offer essential functions for file path sanitization, temporary resource management, and regex-based URL extraction, respectively. These components collectively enhance the system's reliability, security, and extensibility, leveraging Java and Apache Commons libraries."
2,org.apache.tika.config.EmbeddedLimits; org.apache.tika.config.OutputLimits; org.apache.tika.config.ParseContextConfig; org.apache.tika.config.TikaProgressTracker; org.apache.tika.config.TimeoutLimits; org.apache.tika.digest.CompositeDigester; org.apache.tika.digest.DigestHelper; org.apache.tika.digest.Digester; org.apache.tika.digest.InputStreamDigester; org.apache.tika.digest.SkipContainerDocumentDigest; org.apache.tika.embedder.Embedder; org.apache.tika.embedder.ExternalEmbedder; org.apache.tika.extractor.ContainerExtractor; org.apache.tika.extractor.EmbeddedDocumentExtractor; org.apache.tika.extractor.EmbeddedDocumentExtractorFactory; org.apache.tika.extractor.EmbeddedResourceHandler; org.apache.tika.extractor.StandardExtractorFactory; org.apache.tika.language.detect.LanguageDetector; org.apache.tika.metadata.Metadata; org.apache.tika.metadata.filter.CompositeMetadataFilter; org.apache.tika.metadata.filter.MetadataFilter; org.apache.tika.metadata.filter.MetadataFilterBase; org.apache.tika.metadata.filter.NoOpFilter; org.apache.tika.metadata.filter.RemoveByMimeMetadataFilter; org.apache.tika.renderer.CompositeRenderer; org.apache.tika.renderer.Renderer; org.apache.tika.sax.BasicContentHandlerFactory; org.apache.tika.sax.ContentHandlerDecoratorFactory; org.apache.tika.sax.SecureContentHandler; org.apache.tika.sax.XHTMLContentHandler; org.apache.tika.utils.ConcurrentUtils; org.apache.tika.utils.XMLReaderUtils,Configuration and Security Management,"This cluster encompasses classes that manage configuration, security, and resource limits within the Apache Tika framework. Components like `EmbeddedLimits`, `OutputLimits`, and `TimeoutLimits` define and enforce constraints on document processing, such as maximum depths, counts, and timeouts, to prevent resource exhaustion and ensure efficient parsing. The `TikaProgressTracker` and `SecureContentHandler` classes monitor and control the parsing process, preventing issues like zip bombs and excessive resource usage. The `CompositeDigester` and `DigestHelper` classes handle digest operations, ensuring data integrity and security. The `Metadata` and `CompositeMetadataFilter` classes manage and filter metadata, enhancing data accuracy and consistency. These components interact through the `ParseContext` to share state and configuration, achieving high levels of security, performance, and maintainability. Technologies used include Java, Apache Tika, and standard Java libraries for concurrency and XML processing."
3,org.apache.tika.detect.AutoDetectReader; org.apache.tika.detect.BOMDetector; org.apache.tika.detect.CompositeEncodingDetector; org.apache.tika.detect.DetectHelper; org.apache.tika.detect.Detector; org.apache.tika.detect.EncodingDetector; org.apache.tika.detect.FileCommandDetector; org.apache.tika.detect.MetadataCharsetDetector; org.apache.tika.detect.OverrideEncodingDetector; org.apache.tika.detect.XmlRootExtractor; org.apache.tika.extractor.ParsingEmbeddedDocumentExtractor; org.apache.tika.mime.MagicMatch; org.apache.tika.parser.AbstractEncodingDetectorParser; org.apache.tika.parser.AbstractParser; org.apache.tika.parser.AutoDetectParserConfig; org.apache.tika.parser.CryptoParser; org.apache.tika.parser.DefaultParser; org.apache.tika.parser.DelegatingParser; org.apache.tika.parser.EmptyParser; org.apache.tika.parser.ErrorParser; org.apache.tika.parser.NetworkParser; org.apache.tika.parser.ParseContext; org.apache.tika.parser.ParseRecord; org.apache.tika.parser.Parser; org.apache.tika.parser.ParserDecorator; org.apache.tika.parser.ParserPostProcessor; org.apache.tika.parser.ParsingReader; org.apache.tika.parser.PasswordProvider; org.apache.tika.parser.RegexCaptureParser; org.apache.tika.parser.RenderingParser; org.apache.tika.parser.SimplePasswordProvider; org.apache.tika.parser.StatefulParser; org.apache.tika.parser.external.ExternalParser; org.apache.tika.parser.multiple.AbstractMultipleParser; org.apache.tika.sax.WriteOutContentHandler; org.apache.tika.utils.ParserUtils,Character Encoding and Content Detection,"This cluster encompasses classes and interfaces for detecting character encodings and content types in input streams. Key components include `AutoDetectReader`, `BOMDetector`, `CompositeEncodingDetector`, and `EncodingDetector`, which collaboratively identify the correct charset and MIME type of documents. The `DetectHelper` and `XmlRootExtractor` classes provide specialized utilities for partial content analysis and XML root element extraction, respectively. The `Parser` hierarchy, including `AbstractParser`, `DelegatingParser`, and `CryptoParser`, ensures flexible and extensible parsing capabilities, supporting encryption, delegation, and composite parsing. The `ParseContext` and `ParseRecord` classes manage parsing context and record parsing information, enhancing maintainability and traceability. The cluster leverages Apache Tika, Java I/O, and SAX parsing technologies to achieve robust, scalable, and secure content detection and parsing."
4,org.apache.tika.detect.CompositeDetector; org.apache.tika.detect.DefaultDetector; org.apache.tika.detect.DefaultProbDetector; org.apache.tika.detect.EmptyDetector; org.apache.tika.detect.MagicDetector; org.apache.tika.detect.NameDetector; org.apache.tika.detect.OverrideDetector; org.apache.tika.detect.TextDetector; org.apache.tika.detect.TrainedModelDetector; org.apache.tika.detect.TypeDetector; org.apache.tika.detect.ZeroSizeFileDetector,Content Type Detection Pipeline,"This cluster comprises a suite of detectors for identifying media types in various input streams. The `CompositeDetector` and `DefaultDetector` classes orchestrate the detection process by combining multiple detectors, ensuring robust and flexible MIME type identification. `DefaultProbDetector` adds probabilistic detection, enhancing accuracy. `MagicDetector` and `NameDetector` use byte patterns and file names, respectively, for quick detection. `TextDetector` and `TrainedModelDetector` focus on text and model-based detection, while `EmptyDetector` and `ZeroSizeFileDetector` handle edge cases like empty files. `OverrideDetector` allows metadata-based overrides. The architecture emphasizes modularity, extensibility, and performance, leveraging the Service Provider Interface (SPI) for dynamic loading. Key technologies include Apache Tika, Java, and various utility classes for stream and metadata handling."
5,org.apache.tika.detect.EncodingDetectorContext; org.apache.tika.detect.EncodingResult,Encoding Detection Context Management,"This cluster comprises `EncodingDetectorContext` and `EncodingResult`, facilitating character encoding detection in Apache Tika. `EncodingDetectorContext` aggregates and manages `EncodingResult` instances, which encapsulate detected charsets and their confidence levels. The context allows adding, retrieving, and analyzing results, supporting unique charset identification and confidence scoring. This setup enhances maintainability and extensibility by clearly separating concerns between result representation and management. The architecture supports scalability through efficient result handling and arbitration mechanisms, crucial for processing large volumes of documents. Security is indirectly supported by ensuring accurate charset detection, preventing misinterpretation of data. The implementation leverages Java's `java.nio.charset.Charset` and custom enums, integrating seamlessly with the broader Tika ecosystem."
6,org.apache.tika.detect.NNExampleModelDetector; org.apache.tika.detect.NNTrainedModel; org.apache.tika.detect.NNTrainedModelBuilder,Neural Network Media Detection,"This cluster comprises classes for detecting media types using neural networks. `NNExampleModelDetector` loads and registers neural network models from files, leveraging `NNTrainedModelBuilder` to construct `NNTrainedModel` instances. These models predict media types based on input data using a feedforward algorithm with sigmoid activation. The components interact through method calls and property settings, ensuring seamless model creation and registration. Key quality attributes include high accuracy in media type detection, maintainability through clear class responsibilities, and extensibility by allowing dynamic model loading. The technology stack includes Java, Apache Tika, and standard Java libraries for I/O and math operations."
7,org.apache.tika.detect.XmlRootExtractor,XML Root Extraction,"This cluster focuses on extracting the root element's namespace URI and local name from XML documents. The `XmlRootExtractor` class interacts with XML data through byte arrays and input streams, utilizing a SAX parser and a custom `ExtractorHandler` to capture root element details. It handles malformed XML by reducing input length and retrying parsing. Key components include `SAXParser` and `DefaultHandler` from the Java XML parsing API, along with utilities from Apache Commons IO and Tika. The architecture emphasizes robustness in handling various XML formats and errors, ensuring high reliability and maintainability. Technology used includes Java, SAX parsing, and Apache libraries."
8,org.apache.tika.parser.AutoDetectParser; org.apache.tika.parser.CompositeParser; org.apache.tika.parser.ParserDecorator; org.apache.tika.parser.RecursiveParserWrapper; org.apache.tika.parser.multiple.AbstractMultipleParser; org.apache.tika.parser.multiple.FallbackParser; org.apache.tika.parser.multiple.SupplementingParser,Document Parsing and Management,"This cluster comprises classes that facilitate the automatic detection, parsing, and management of document content in the Apache Tika library. The `AutoDetectParser` and `CompositeParser` classes handle MIME type detection and delegation to specific parsers, ensuring efficient and accurate content extraction. The `ParserDecorator` and `RecursiveParserWrapper` classes enhance parsing capabilities by adding filtering and recursive parsing functionalities, respectively. The `AbstractMultipleParser`, `FallbackParser`, and `SupplementingParser` classes manage multiple parsing attempts, merging results and handling failures, thus improving robustness and flexibility. These components interact through a common set of interfaces (`Parser`, `Metadata`, `ContentHandler`) and utilities (`MediaTypeRegistry`, `TikaInputStream`). The architecture emphasizes scalability, maintainability, and extensibility, leveraging Java and the Apache Tika framework."
9,org.apache.tika.parser.RecursiveParserWrapper; org.apache.tika.sax.RecursiveParserWrapperHandler,Recursive Document Parsing,"The `RecursiveParserWrapper` and `RecursiveParserWrapperHandler` classes form a cohesive unit for parsing complex, nested documents. `RecursiveParserWrapper` wraps a parser to handle the recursive extraction of metadata from container files and their embedded resources, managing error handling and resource optimization. `RecursiveParserWrapperHandler` extends this functionality by maintaining a list of metadata objects and caching content, ensuring efficient and organized data retrieval. Together, they provide robust, scalable, and maintainable parsing capabilities, leveraging Apache Tika components and interfaces. The architecture supports extensibility through the use of `ContentHandlerFactory` and ensures optimal performance by stopping processing when limits are reached. Technology includes Java, Apache Tika, and SAX-based content handling."
